user_objectid,country,demography_array,score_array_demography,brand_array,score_array_brand
0013MOFg0A,SE,"['Women', 'No demography', 'Unisex (Adults)']","[0.95, 0.03, 0.02]","['No Brand', 'EDC by ESPRIT', 'Zara', 'NA-KD', 'Acne Studios', 'Divided by H&M', 'ESPRIT', 'Tiger of Sweden', 'H&M', 'Boomerang', 'Monki', '& Other Stories', 'Uniqlo', 'Bershka', 'S. Oliver', 'STOCKH LM', 'Thinsulate', 'Arket', 'Zara Basic', 'Patrizia Dini']","[0.09, 0.04, 0.04, 0.02, 0.02, 0.02, 0.02, 0.02, 0.02, 0.02, 0.02, 0.02, 0.01, 0.01, 0.01, 0.01, 0.01, 0.01, 0.01, 0.01]"
002j8z9gFN,SE,['Women'],[1.0],"['Please', 'Boomerang', 'Stenströms']","[0.8, 0.1, 0.1]"
003shjZWGk,DE,['Women'],[1.0],"['H&M', 'Divided by H&M', 'Vero Moda', 'No Brand', 'NLY Trend', 'Shein', 'Melville', 'VILA Clothes', 'Promod', 'Yest', 'Zara Basic', 'Ochodeoro', 'Mim', 'Haléns', 'Avenue', 'Charlotte Russe', 'lmtd', 'L.B.C.', 'Zara Woman', 'frapp']","[0.1, 0.09, 0.05, 0.05, 0.04, 0.03, 0.03, 0.03, 0.03, 0.03, 0.02, 0.02, 0.02, 0.02, 0.02, 0.02, 0.02, 0.02, 0.02, 0.02]"
004GS5uR2D,DE,['Kids'],[1.0],"['H&M', 'Alvi', 'Villervalla', 'No Brand', 'Jako.O', 'Baby Skill']","[0.31, 0.31, 0.15, 0.08, 0.08, 0.08]"
007kRtmfYb,SE,"['Kids', 'Women', 'Men']","[0.71, 0.27, 0.02]","['No Brand', 'H&M', 'Wall Ride', 'Design by KappAhl  ', 'Adidas', 'H&M Basic', 'Hummel', 'Brugi', 'Nike', 'Fila']","[0.25, 0.17, 0.13, 0.13, 0.13, 0.13, 0.02, 0.02, 0.02, 0.02]"
00A1P3WzSF,FI,"['Women', 'Kids', 'Unisex (Adults)', 'No demography']","[0.86, 0.11, 0.02, 0.01]","['Shein', 'H&M', 'Shein Curve', 'Gina Tricot', 'Zara', 'Divided by H&M', 'Mini Rodini', 'No Brand', 'Mini Gina Tricot', 'NA-KD', 'ASOS', 'Lindex', 'Zara Basic Collection', 'Monki', 'Arket', 'PrettyLittleThing', 'Missguided', 'XLNT by KappAhl', 'H&M+', 'Ichi']","[0.23, 0.13, 0.1, 0.07, 0.06, 0.04, 0.03, 0.03, 0.03, 0.03, 0.03, 0.02, 0.02, 0.02, 0.01, 0.01, 0.01, 0.01, 0.01, 0.01]"
00AUUVV05g,SE,"['Women', 'Unisex (Adults)', 'Men']","[0.91, 0.06, 0.03]","['Shein', 'H&M', 'Zara', 'No Brand', 'Zaful', 'H&M Trend', 'Divided by H&M', 'NA-KD', 'Pull & Bear', 'Bershka', 'Retro & Icone', 'Urban Renewal', 'Tom Tailor', 'Forever 21 Plus', 'Western Wear', 'PrettyLittleThing', 'CIDER', 'Sfugi ', 'Q/S by s.Oliver', 'Monki']","[0.18, 0.11, 0.11, 0.11, 0.05, 0.03, 0.03, 0.02, 0.02, 0.02, 0.01, 0.01, 0.01, 0.01, 0.01, 0.01, 0.01, 0.01, 0.01, 0.01]"
00CkYu1jD8,DE,"['Women', 'Men']","[1.0, 0.0]","['No Brand', 'ESPRIT', 'Lager 157', 'Vailent', 'Lindex', 'Flanell', 'Divided by H&M', 'Lanshifei', 'Not', 'Bonprix Collection', 'Brax', 'Gina Tricot', 'Pionier', 'Helly Hansen', 'Shein', 'Hampton Republic', 'Race Marine', 'One love', 'Jacqueline De Yong', 'EDC by ESPRIT']","[0.12, 0.07, 0.05, 0.04, 0.04, 0.03, 0.03, 0.03, 0.03, 0.03, 0.03, 0.03, 0.03, 0.03, 0.03, 0.03, 0.03, 0.03, 0.03, 0.02]"
00Dg3XgJsV,SE,"['Women', 'No demography']","[0.98, 0.02]","['H&M', 'ONLY', 'Blue Motion', 'Duffy', 'No Brand', 'Lindex', 'Atmosphere', 'Divided by H&M', 'Shk Paris', 'ESPRIT', 'Vero Moda', 'Amisu', 'XIT by Dinsko', 'Benini', 'Indiska', 'Clockhouse', 'Alley', 'Lob design']","[0.19, 0.17, 0.07, 0.07, 0.07, 0.07, 0.06, 0.06, 0.05, 0.05, 0.05, 0.01, 0.01, 0.01, 0.01, 0.01, 0.01, 0.01]"
00DZBKD8oZ,SE,"['Women', 'Men']","[0.75, 0.25]","['Divided by H&M', 'Bershka', 'Abercrombie & Fitch', 'H&M', 'Hollister', 'Maglificio MG', 'Morotai', 'NLY Trend', '& Other Stories', 'Shein', 'Camp David', 'Peak Performance', 'Under Armour', 'Perfect Jeans Gina Tricot', 'Gina Tricot', ""Aim'n"", 'Puma', 'Pull & Bear', 'H&M Sport', 'FB Sister']","[0.3, 0.08, 0.07, 0.04, 0.04, 0.04, 0.04, 0.04, 0.04, 0.04, 0.04, 0.04, 0.04, 0.04, 0.04, 0.04, 0.04, 0.02, 0.01, 0.01]"
00E53mf0Dd,SE,"['Women', 'Men']","[0.91, 0.09]","['Tommy Hilfiger', 'H&M', 'Massimo Dutti', 'Jack & Jones', 'Lois', 'J.Lindeberg', 'HOPE by Ringstrand Söderberg', 'H&M Sport', 'Divided by H&M', 'Zara', '& Other Stories', 'Gap', 'H&M Basic', 'ESPRIT', 'Hollister', 'H&M Modern Classic', 'Minelli', 'Pull & Bear', 'Reebok', '5th Avenue']","[0.14, 0.13, 0.06, 0.04, 0.04, 0.04, 0.03, 0.02, 0.02, 0.02, 0.02, 0.02, 0.02, 0.02, 0.02, 0.02, 0.02, 0.02, 0.02, 0.02]"
00EblWiOYS,SE,"['Women', 'Men', 'Unisex (Adults)', 'No demography', 'Kids']","[0.83, 0.13, 0.02, 0.01, 0.01]","['Acne', 'Mulberry', 'H&M', 'Cacharel', 'Acne Studios', 'No Brand', 'Sisley', 'Filippa K', 'Ralph Lauren', 'GANT', 'Levi Strauss & Co', 'Acne Jeans', 'Polo Ralph Lauren', 'Marc Jacobs', 'Uniqlo', 'Ghost', 'Bally', 'Massimo Dutti', 'Our Legacy', 'Banana Republic']","[0.07, 0.06, 0.04, 0.03, 0.03, 0.03, 0.02, 0.02, 0.02, 0.02, 0.02, 0.02, 0.01, 0.01, 0.01, 0.01, 0.01, 0.01, 0.01, 0.01]"
00eyx1aG4L,SE,"['Men', 'Women']","[0.72, 0.28]","['Newbody', 'Adidas', 'Mango', 'Cecil', 'Tiger of Sweden Jeans', 'Holly & Whyte by Lindex', 'Smog', 'COS', 'Marine', 'Gudrun Sjödén', 'Flash Woman', 'Mango Man', 'Forever 21', 'United Colors of Benetton', 'Joules', 'Marmot']","[0.18, 0.12, 0.06, 0.06, 0.06, 0.06, 0.06, 0.06, 0.06, 0.06, 0.06, 0.06, 0.06, 0.02, 0.01, 0.01]"
00FdTl6dbN,SE,"['Women', 'Men']","[0.64, 0.36]","['Holly & Whyte by Lindex', 'No Brand', 'Saddle Master', 'Design by KappAhl  ', 'Club Of Gents', 'Hampton Republic', 'Woolmark', 'Picard', 'Fabric by Marrjotto', 'Zara Woman', 'Cubus', 'Desch', 'Zara Basic', 'Jack & Jones', 'Wolfwear', 'Selected Homme', 'Betty Barclay', 'H&M', 'Cappuccini', 'Tiger of Sweden']","[0.16, 0.11, 0.06, 0.06, 0.06, 0.06, 0.06, 0.05, 0.05, 0.05, 0.05, 0.05, 0.05, 0.05, 0.05, 0.02, 0.01, 0.01, 0.01, 0.01]"
00GBB2MzDG,SE,['Women'],[1.0],"['Levi Strauss & Co', 'NA-KD', 'Monki', 'Converse', 'EDC by ESPRIT', 'H&M Basic', 'Acne Jeans', '& Other Stories', 'Zara Knit', 'J Brand', 'Acne', 'H&M', 'Diesel', 'Zara', 'Crocker', 'G-Star Raw', 'Pull & Bear', 'Hunkemöller', 'Stylein', 'Holly & Whyte by Lindex']","[0.13, 0.09, 0.06, 0.04, 0.03, 0.03, 0.03, 0.03, 0.03, 0.03, 0.02, 0.02, 0.02, 0.02, 0.02, 0.02, 0.02, 0.02, 0.02, 0.01]"
00GV5UFSoZ,DE,['Men'],[1.0],"['Cool Wear', 'Gardeur', 'McKinley', 'Crivit', 'john devin', 'Puma', 'Celio', 'Moul', 'Visual Clothing Project', 'Burton Menswear', 'LA', 'puttman', 'Divided by H&M', 'Toni Gard', 'H&M', 'ESPRIT', 'Bik Bok', 'Jack & Jones', 'H&M Man', 'Tom Tailor Denim']","[0.06, 0.06, 0.06, 0.06, 0.03, 0.03, 0.03, 0.03, 0.03, 0.03, 0.03, 0.03, 0.03, 0.03, 0.03, 0.03, 0.03, 0.03, 0.03, 0.03]"
00GxTJDPQ9,SE,"['Kids', 'Women', 'Men']","[0.48, 0.48, 0.04]","['Zara Kids', 'Arket', 'Lindex', 'Acne Studios Blå Konst', 'Shein', 'Juicy Couture', 'Zara', 'Club London', 'Soft Goat', 'Lab Industries by Kappahl', 'Dieter Braun x H&M', 'KappAhl', 'H&M Kids', 'H&M', 'Seafolly', 'EDC by ESPRIT', 'Missguided', 'Josefin', 'Bonprix Collection', 'GANT']","[0.08, 0.08, 0.04, 0.04, 0.04, 0.04, 0.04, 0.04, 0.04, 0.04, 0.04, 0.04, 0.04, 0.04, 0.04, 0.04, 0.04, 0.04, 0.04, 0.04]"
00iVmmY64y,DE,"['Women', 'No demography']","[0.82, 0.18]","['iDeal of Sweden', 'Filling Pieces', 'Maybelline', 'Fila', 'Monki', 'Kaylee', 'Esmara by Heidi Klum', 'Zaful', 'Fashionova', 'Mango', 'No Brand', 'Collusion', 'River Island', 'Shein', 'Hummel', 'Filippa K']","[0.11, 0.07, 0.07, 0.07, 0.06, 0.06, 0.06, 0.06, 0.06, 0.06, 0.06, 0.06, 0.06, 0.06, 0.06, 0.06]"
00ixwUagdL,SE,"['Women', 'No demography', 'Unisex (Adults)', 'Kids']","[0.75, 0.17, 0.06, 0.03]","['H&M', 'No Brand', 'Primark', 'Daniel Hechter', 'CRW', 'Jenny Fairy', 'Carlo Miffi', 'McKinley']","[0.25, 0.22, 0.19, 0.19, 0.06, 0.03, 0.03, 0.03]"
00k2cfIsKw,SE,"['Kids', 'Men']","[0.85, 0.15]","['Pepperts', 'Fjällräven', 'No Brand', 'United Colors of Benetton', 'Cubus', 'GANT', 'bpc', 'Rebel', 'Uniqlo', 'Yigga', 'Orcelly', 'Les Deux Copenhagen', 'TCM', 'Lindex', 'Hampton Republic', 'Wonder Nation', 'H&M', 'WeTweens By Kappahl', 'Lundhags']","[0.12, 0.08, 0.07, 0.06, 0.06, 0.06, 0.06, 0.06, 0.06, 0.06, 0.06, 0.06, 0.06, 0.06, 0.01, 0.01, 0.01, 0.01, 0.01]"
00K5oCeUZJ,SE,"['Women', 'Kids', 'No demography']","[0.56, 0.33, 0.11]","['No Brand', 'H&M', 'Ellos', 'Bondelid', 'Shein', 'United Colors of Benetton', 'Hampton Republic', 'Åhléns', 'Yessica by C&A', 'Parisian', 'Mango', 'Linea', 'Name It', 'Lindex Kids', 'Divided by H&M', 'Lindex', 'NLY Trend', 'Bonprix Collection', 'ESPRIT', 'Riviera']","[0.12, 0.12, 0.07, 0.05, 0.04, 0.04, 0.04, 0.04, 0.03, 0.03, 0.03, 0.03, 0.03, 0.03, 0.02, 0.01, 0.01, 0.01, 0.01, 0.01]"
00KtIkQFfD,SE,"['Men', 'Women', 'Kids', 'Unisex (Adults)', 'No demography']","[0.62, 0.31, 0.03, 0.03, 0.0]","['No Brand', 'Masai', 'Dahlin', 'Levi Strauss & Co', 'Bäumler', 'Closed', 'Dressmann', 'Conwell', 'EDC by ESPRIT', 'Röhnisch', 'Eton', 'ESPRIT', 'VILA Clothes', 'Zara', 'Pia Aitalia', 'Cecil', 'Boohoo', 'Massimo Dutti', 'Atlant', ""Lands' End""]","[0.06, 0.06, 0.04, 0.04, 0.04, 0.04, 0.03, 0.03, 0.03, 0.03, 0.03, 0.03, 0.03, 0.03, 0.03, 0.03, 0.03, 0.03, 0.03, 0.03]"
00momJS8qJ,SE,"['Women', 'No demography', 'Men', 'Unisex (Adults)']","[0.73, 0.19, 0.07, 0.01]","['No Brand', 'H&M', 'Lager 157', 'Zara', 'Gina Tricot', 'Divided by H&M', 'IKEA', 'H&M Basic', 'KappAhl', 'VILA Clothes', 'Carin Wester', 'Pieces', 'Bershka', 'H&M Modern Classic', 'Vero Moda', 'Primark', 'Lindex', 'Berkeley', 'Zara Man', 'FB Sister']","[0.13, 0.12, 0.06, 0.04, 0.03, 0.03, 0.03, 0.03, 0.02, 0.02, 0.02, 0.02, 0.01, 0.01, 0.01, 0.01, 0.01, 0.01, 0.01, 0.01]"
00nJAWWlGM,SE,['Women'],[1.0],"['Shein', 'Zara', 'Zara Woman', 'Primark', 'H&M Modern Classic', 'Fashion', 'Segers', 'Folat', 'Dilvin Woman', 'Dahlin', 'No Brand', 'H&M', 'Zara Trafaluc Outerwear Collection', 'NLY Trend', 'Lindex', 'Zara Basic', 'Lager 157', 'Boohoo', 'Bubbleroom', 'KappAhl']","[0.44, 0.1, 0.1, 0.03, 0.03, 0.03, 0.02, 0.02, 0.02, 0.02, 0.02, 0.02, 0.01, 0.01, 0.01, 0.01, 0.01, 0.01, 0.0, 0.0]"
00oj7SI46S,SE,['Women'],[1.0],"['H&M Mama', 'Gina Tricot', 'H&M', 'H&M Sport', 'SassyClassy', 'Boohoo', 'KappAhl']","[0.34, 0.16, 0.16, 0.08, 0.08, 0.08, 0.08]"
00pzdpRTGa,SE,"['Women', 'Men', 'No demography', 'Unisex (Adults)']","[0.89, 0.06, 0.02, 0.02]","['H&M', 'Zara', 'NA-KD', 'Divided by H&M', 'No Brand', 'Gina Tricot', 'H&M Modern Classic', 'Monki', '& Other Stories', 'Shein', 'H&M Trend', 'Lindex', 'Arket', 'Pull & Bear', 'Vero Moda', 'Bershka', 'Lager 157', 'Mango', 'Adidas', 'NLY Trend']","[0.18, 0.07, 0.04, 0.03, 0.03, 0.02, 0.02, 0.02, 0.02, 0.02, 0.02, 0.02, 0.02, 0.01, 0.01, 0.01, 0.01, 0.01, 0.01, 0.01]"
00QoCCydhl,SE,"['Kids', 'Women']","[0.97, 0.03]","['Duns Sweden', 'Duns', 'Dr. Martens']","[0.58, 0.39, 0.03]"
00Rj3isAnt,SE,"['Women', 'Unisex (Adults)']","[0.94, 0.06]","['Nike', 'Adidas', 'Kari Traa', 'Röhnisch', 'Eivy', ""Aim'n"", 'Everest', 'Envii', 'ICANIWILL', 'Iciw']","[0.22, 0.16, 0.12, 0.11, 0.11, 0.11, 0.06, 0.05, 0.05, 0.01]"
00sA2GbESQ,SE,"['No demography', 'Women', 'Kids', 'Men', 'Unisex (Adults)']","[0.45, 0.43, 0.06, 0.05, 0.01]","['No Brand', 'Apple', 'H&M', 'SOC', 'Gina Tricot', 'Divided by H&M', 'Didriksons 1913', 'MyWear', 'Forever 21', 'Club Xprs', 'H&M Basic', 'Jdy Denim', 'Etirel', 'Amisu', 'Impact', 'KappAhl', 'Ryobi', 'Bose', 'Diabless', 'Jabra']","[0.19, 0.09, 0.05, 0.03, 0.02, 0.02, 0.02, 0.02, 0.02, 0.01, 0.01, 0.01, 0.01, 0.01, 0.01, 0.01, 0.01, 0.01, 0.01, 0.01]"
00SKNKLWj4,SE,"['No demography', 'Women', 'Unisex (Adults)']","[0.56, 0.44, 0.01]","['No Brand', 'H&M', 'IKEA', 'Uniqlo', 'Sunnex', 'ONLY', 'Design by Carin Kry', 'HP', 'North light', 'She', 'Best Emilie', 'Dani', 'Crofton', 'Miss Selfridge', 'NLY Shoes', 'Take Off', 'SilverCrest', 'Samsung', 'Apple', 'DS Shoes by DinSko']","[0.29, 0.08, 0.04, 0.03, 0.03, 0.02, 0.02, 0.02, 0.02, 0.02, 0.02, 0.02, 0.02, 0.02, 0.02, 0.02, 0.01, 0.01, 0.01, 0.01]"
00W1f6bgWv,SE,"['Women', 'Unisex (Adults)', 'No demography', 'Kids', 'Men']","[0.7, 0.11, 0.1, 0.04, 0.04]","['No Brand', 'H&M', 'Adidas', 'Gudrun Sjödén', 'Marimekko', 'Orrefors Jernverk', 'Fast Line', 'Lucy & Yak', 'Protection', 'Papillon', 'M.trend', 'Company by Åhlens', 'Censored', 'Zara Trafaluc Collection', 'Wästgöta', 'Bültel', 'Tex', 'Geggamoja Collection', 'Prince oliver', 'Nature Planet']","[0.56, 0.05, 0.04, 0.02, 0.01, 0.01, 0.01, 0.01, 0.01, 0.01, 0.01, 0.01, 0.01, 0.01, 0.01, 0.01, 0.01, 0.01, 0.01, 0.01]"
00wGE6lNGR,SE,"['Women', 'Unisex (Adults)', 'No demography', 'Men']","[0.87, 0.09, 0.03, 0.0]","['Zara', 'Gina Tricot', 'No Brand', 'Nike', 'Michael Kors', 'Mango', 'H&M', 'Urban Outfitters', 'Duffy', 'Laura Di Maggio', 'VILA Clothes', 'Vero Moda', 'Zara Basic', 'Drykorn For Beautiful People', 'NA-KD', 'H&M Trend', 'Boohoo', '& Other Stories', 'Nice Connection', 'Amisu']","[0.1, 0.09, 0.07, 0.04, 0.04, 0.04, 0.03, 0.03, 0.03, 0.03, 0.03, 0.03, 0.02, 0.02, 0.01, 0.01, 0.01, 0.01, 0.01, 0.01]"
00wwNPDO6V,SE,"['Women', 'Men', 'Unisex (Adults)', 'No demography']","[0.61, 0.29, 0.08, 0.01]","['Adidas', 'Uhip', 'H&M', 'Monki', 'Puma', 'Nike', 'Lager 157', 'RVRC', 'Apple', '2117 Of Sweden']","[0.41, 0.16, 0.14, 0.07, 0.07, 0.07, 0.04, 0.01, 0.01, 0.01]"
00yFFcvNEL,DE,['Kids'],[1.0],['New Era'],[1.0]
00yYfLQTsL,SE,"['Kids', 'Women']","[0.8, 0.2]","['Lupilu', 'Funk by Lager 157', 'Kappa', 'Ecco', 'Waterproof', 'H&M', 'Zara Baby', 'Adidas', 'Zara', 'Kavat']","[0.22, 0.11, 0.11, 0.11, 0.11, 0.11, 0.11, 0.05, 0.05, 0.02]"
00YZLSBAuN,SE,"['Women', 'Unisex (Adults)', 'No demography']","[0.91, 0.08, 0.01]","['Adidas', 'H&M', 'No Brand', 'Vero Moda', 'Lager 157', 'Bik Bok', 'Divided by H&M', 'Basic U', 'Dr. Denim', 'Boohoo', 'ONLY', 'Trixie', 'Qin Ya', 'Camaieu', 'SOC', 'Blue Motion', '& Other Stories', 'Fashion', 'L.O.G.G by H&M', 'Vero Moda Jeans']","[0.17, 0.1, 0.09, 0.08, 0.05, 0.03, 0.03, 0.03, 0.03, 0.03, 0.02, 0.02, 0.02, 0.02, 0.02, 0.02, 0.02, 0.02, 0.02, 0.02]"
00zkN5iqEq,SE,"['Women', 'No demography']","[0.93, 0.07]","['Monki', 'H&M', 'Zara', 'Weekday', 'Bershka', 'No Brand', 'Carin Wester', 'NLY Trend', 'NA-KD', 'Most Wanted', 'Divided by H&M', 'PrettyLittleThing', 'Vintage Style', 'Equipe Sport', 'Atmosphere', 'Indy Beauty', 'Bubbleroom', 'Filippa K', 'Castro', 'FB Sister']","[0.1, 0.09, 0.06, 0.05, 0.05, 0.05, 0.05, 0.04, 0.04, 0.03, 0.02, 0.02, 0.02, 0.02, 0.02, 0.02, 0.02, 0.02, 0.02, 0.02]"
00ZNHdWhXC,SE,"['Women', 'Kids', 'Unisex (Adults)']","[0.73, 0.23, 0.04]","['H&M', 'Bonprix Collection', 'Cellbes woman', 'Elomi', 'Adidas', 'Cellbes', 'Karen', 'No Brand', 'CELLBES EQUESTRIAN', 'Claudia Ghizzani', 'Out Of The Blue', 'Workwear', 'PatPat', 'Lindex Baby', 'KappAhl', 'Missguided', 'Raid', 'Rieker', 'Cube', 'Calvin Klein']","[0.14, 0.09, 0.08, 0.08, 0.07, 0.04, 0.04, 0.04, 0.04, 0.04, 0.04, 0.04, 0.04, 0.04, 0.04, 0.04, 0.01, 0.01, 0.01, 0.01]"
010WTJEWV7,DE,['Women'],[1.0],"['H&M', 'Samsøe & Samsøe', 'Uniqlo', 'Comma', 'COS', 'Acne Studios', 'NA-KD', 'Gina Tricot']","[0.27, 0.17, 0.15, 0.13, 0.13, 0.13, 0.02, 0.02]"
0134WuQD06,SE,"['Women', 'Men', 'No demography', 'Unisex (Adults)']","[0.95, 0.03, 0.01, 0.01]","['No Brand', 'H&M', 'Levi Strauss & Co', '& Other Stories', 'Zara', 'Carin Wester', 'Lindex', 'Monki', 'Michael Kors', 'COS', 'ONLY', 'NA-KD', 'By Malina', 'Boohoo', 'WERA Stockholm', 'UGG', 'French Connection', 'Cacharel', 'Divided by H&M', 'Lounge']","[0.12, 0.05, 0.03, 0.03, 0.02, 0.02, 0.02, 0.02, 0.01, 0.01, 0.01, 0.01, 0.01, 0.01, 0.01, 0.01, 0.01, 0.01, 0.01, 0.01]"
015zlIWSjz,DE,"['Women', 'Unisex (Adults)', 'No demography', 'Men']","[0.97, 0.02, 0.01, 0.0]","['H&M', 'Shein', 'Tommy Hilfiger', 'Shein Curve', 'No Brand', 'Wellensteyn', 'ONLY', 'Divided by H&M', 'Isolde', 'Soyaconcept', 'ESPRIT', 'KOALA BAY', 'Tommy Hilfiger Jeans', 'Zara', 'Daniel Hechter', 'H&M Trend', 'Street One', 'ONLY Carmakoma', 'QS by s. Oliver', 'Adidas']","[0.23, 0.15, 0.06, 0.05, 0.05, 0.04, 0.04, 0.04, 0.03, 0.02, 0.02, 0.02, 0.02, 0.02, 0.02, 0.02, 0.02, 0.02, 0.02, 0.02]"
017ELJSO4K,DE,"['Women', 'Kids']","[0.99, 0.01]","['H&M', 'Olsen', 'Crivit', 'Claudio Campione', 'Divided by H&M', 'Starry Night', 'ESPRIT', 'Cubus', 'H&M Modern Classic', 'Denim Day', 'Oliver', 'NLY Trend', 'Thomas Rath', 'No Brand', 'McKinley', 'KappAhl', 'AF', 'Bonprix Collection', 'Liljeros', 'Cellbes']","[0.15, 0.1, 0.04, 0.04, 0.04, 0.04, 0.04, 0.04, 0.04, 0.04, 0.04, 0.04, 0.04, 0.02, 0.02, 0.02, 0.01, 0.01, 0.01, 0.01]"
018txfRAJi,DE,['Women'],[1.0],"['H&M', 'Shein', ""i'm in love with DEREK"", 'No Brand', 'COS', 'Bik Bok']","[0.36, 0.18, 0.18, 0.09, 0.09, 0.09]"
01ceiEQJXr,SE,"['Women', 'Kids', 'Men']","[0.63, 0.33, 0.05]","['Samsøe & Samsøe', 'Stay', 'SAND', 'Soulmate', 'Missguided', 'VILA Clothes', 'Carin Wester', 'traumeland', 'Olsen', 'Jacky Baby', 'BO', 'H&M', 'KappAhl', 'Polarn O. Pyret', 'Boob', 'Dilling', 'Filippa K', 'Lindex', 'ALUI', 'Adidas']","[0.09, 0.05, 0.05, 0.05, 0.05, 0.05, 0.05, 0.05, 0.05, 0.05, 0.04, 0.04, 0.04, 0.02, 0.02, 0.01, 0.01, 0.01, 0.01, 0.01]"
01d8CuzSnr,SE,"['No demography', 'Women', 'Men', 'Unisex (Adults)', 'Kids']","[0.66, 0.29, 0.02, 0.02, 0.01]","['No Brand', 'H&M', 'Indiska', 'IKEA', 'Ravensburger', 'Ellos', 'Nedis', 'Peak Performance', 'Fashion Angels', 'Kosmos', 'Adventure', 'Telldus', 'Lindex', 'Nike', 'Trefl', 'Zara', 'Marimekko', 'Kärnan', 'Zara Trafaluc Collection', 'Moleskine']","[0.33, 0.04, 0.03, 0.02, 0.02, 0.01, 0.01, 0.01, 0.01, 0.01, 0.01, 0.01, 0.01, 0.01, 0.01, 0.01, 0.01, 0.01, 0.0, 0.0]"
01dlLvLN5M,SE,"['Women', 'Men', 'No demography', 'Unisex (Adults)']","[0.91, 0.05, 0.02, 0.02]","['H&M Mama', 'Adidas', 'No Brand', 'GANT', 'SOC', 'Anna Field Mama', 'Zara Basic', 'Puma', 'Black Squad', 'Pink Soda Sport', 'Nike', 'Indiska', 'H&M', 'Rituals', 'Gina Tricot', 'Calvin Klein', 'Lindex', 'Calvin Klein Jeans', 'FSBN', 'Sail Racing']","[0.2, 0.19, 0.05, 0.04, 0.04, 0.03, 0.03, 0.03, 0.03, 0.03, 0.02, 0.02, 0.02, 0.02, 0.01, 0.01, 0.01, 0.01, 0.01, 0.01]"
01EaGceDtq,SE,"['Women', 'Kids', 'Men', 'No demography', 'Unisex (Adults)']","[0.84, 0.11, 0.02, 0.02, 0.01]","['H&M', 'Carin Wester', 'Mini Rodini', 'Zara', 'Inuikii', 'NLY Trend', 'Abercrombie & Fitch', 'Trendyol', 'Converse', 'Adoore', 'Gina Tricot', '& Other Stories', 'H&M Trend', 'NA-KD', 'Holly & Whyte by Lindex', 'Disney', 'NLY Eve', 'H&M Modern Classic', 'Design by KappAhl  ', 'Anna Field']","[0.16, 0.14, 0.08, 0.06, 0.04, 0.03, 0.03, 0.02, 0.02, 0.02, 0.02, 0.02, 0.02, 0.02, 0.02, 0.02, 0.02, 0.02, 0.01, 0.01]"
01eMamPze3,DE,"['Women', 'Men']","[0.67, 0.33]","['Puma', 'Apricot', 'Me Ru', 'No Brand', 'Gasp', 'Engelbert Strauss', 'Nike', 'Odlo', 'McKinley', 'Jack Wolfskin']","[0.17, 0.17, 0.08, 0.08, 0.08, 0.08, 0.08, 0.08, 0.08, 0.08]"
01EvY2LKWe,SE,"['Women', 'Kids', 'No demography']","[0.73, 0.22, 0.05]","['&Denim by H&M', 'Rodebjer', 'H&M', 'Zara Woman', 'STOCKH LM', 'Miss Milla', 'Carite', 'Dopo Dopo Girls', 'Pepperts', 'L.O.G.G by H&M', 'Stockholm LM', 'Lindex Kids', 'Gina Tricot', 'Saint Tropez', 'No Brand', 'Perfect Jeans Gina Tricot', 'Sissy-Boy', 'VIGOSS', 'Lab Industries by Kappahl', 'Redstone']","[0.05, 0.05, 0.04, 0.03, 0.03, 0.03, 0.03, 0.03, 0.03, 0.03, 0.03, 0.03, 0.03, 0.03, 0.03, 0.03, 0.03, 0.03, 0.03, 0.03]"
01eXTtz7vG,,"['Women', 'Men', 'Unisex (Adults)']","[0.86, 0.13, 0.01]","['No Brand', 'Dressmann', 'H&M', 'Gina Tricot', 'Pieces', 'DeVal', 'Bik Bok', 'East West', 'Denim Co. 1969', 'Zara Trafaluc', 'Q-con', 'LTB', 'Zara', 'Zara Knit', 'Puma', 'Cubus', 'Spiraldirect', 'Bread & Boxers', 'Number One By KappAhl', 'WeSC']","[0.44, 0.09, 0.07, 0.05, 0.05, 0.05, 0.03, 0.02, 0.02, 0.02, 0.02, 0.02, 0.02, 0.01, 0.01, 0.01, 0.01, 0.01, 0.01, 0.01]"
01FHkTzL5a,SE,"['No demography', 'Kids']","[0.99, 0.01]","['No Brand', 'Nordic', 'Gigaset', 'Medion', 'Apple', 'TP-Link', 'Logitech', 'Roxcore', 'Epson', 'Volex', 'Siemens', 'Holly & Whyte by Lindex', 'Samsung', 'Lenovo', 'Motorola', 'Wacom', 'HP', 'Greenheart']","[0.49, 0.07, 0.06, 0.06, 0.06, 0.05, 0.04, 0.04, 0.04, 0.02, 0.01, 0.01, 0.01, 0.01, 0.01, 0.01, 0.01, 0.01]"
01FoJXnqem,SE,"['Women', 'Kids', 'Unisex (Adults)']","[0.59, 0.4, 0.01]","['Lindex Baby', 'Småfolk', 'H&M', 'Tu Woman', 'Cissi och Selma', 'Rane', 'Seeberger', 'Paker', 'JNY Colourful Kids', 'Villervalla', 'Gudrun Sjödén', 'No Brand', ""Aim'n"", 'Gina Tricot', '& Other Stories', 'Indiska', 'Abercrombie & Fitch', 'Vossatassar', 'Moshiki', 'Mini Rodini']","[0.17, 0.1, 0.07, 0.07, 0.07, 0.07, 0.06, 0.06, 0.05, 0.05, 0.03, 0.03, 0.03, 0.02, 0.02, 0.02, 0.02, 0.01, 0.01, 0.01]"
01FVdvoOFq,DE,"['Women', 'Kids', 'No demography', 'Men', 'Unisex (Adults)']","[0.91, 0.04, 0.03, 0.02, 0.0]","['Jean Paul Gaultier For Lindex', 'Diesel', 'Laura Ashley', 'No Brand', 'Crocker', 'Weekday', 'Deha', 'Acne', 'Eytys', 'Hunter', 'DKNY', 'Liu Jo', 'Marc Jacobs', 'H&M', 'Adidas', 'Acne Studios', 'Zara', 'Odd Molly', 'Brandy Melville', 'H&M Studio']","[0.06, 0.05, 0.04, 0.04, 0.04, 0.03, 0.03, 0.03, 0.03, 0.03, 0.03, 0.03, 0.03, 0.02, 0.02, 0.02, 0.02, 0.02, 0.02, 0.02]"
01gTqvmNCG,SE,"['Women', 'Men', 'Unisex (Adults)', 'No demography', 'Kids']","[0.94, 0.04, 0.01, 0.01, 0.0]","['ESPRIT', 'No Brand', 'Filippa K', 'EDC by ESPRIT', 'STOCKH LM', 'H&M', 'Zara', '& Other Stories', 'Monki', 'Odd Molly', 'Mexx', 'Fornarina', 'Replay', 'ONLY', 'J&D Paris', 'Levi Strauss & Co', 'Mango', 'Nike', 'Bench', 'Alexander Wang']","[0.11, 0.05, 0.04, 0.03, 0.03, 0.03, 0.02, 0.02, 0.02, 0.02, 0.02, 0.02, 0.02, 0.02, 0.01, 0.01, 0.01, 0.01, 0.01, 0.01]"
01h2wj7Mh0,SE,"['Women', 'Men']","[0.91, 0.09]","['No Brand', 'Only Play', 'Bianco', 'Active Usa', 'Scorett', 'Rabalder', 'H&M', 'All Sport', 'Mango', 'Atmosphere', 'NLY Shoes', 'Earth Positive', 'Zara']","[0.11, 0.09, 0.09, 0.09, 0.09, 0.09, 0.09, 0.09, 0.09, 0.09, 0.09, 0.01, 0.01]"
01JhVdPfLS,SE,"['Men', 'Unisex (Adults)', 'Women']","[0.94, 0.05, 0.01]","['Superdry', 'H&M', 'Polo Ralph Lauren', 'Riley', 'H&M Man', 'GANT', 'Zara Man', 'Tommy Hilfiger', 'Lyle & Scott', 'Superdry Vintage', 'H&M Basic', 'H&M Modern Classic', 'Adidas', 'Bowery', 'Iconic Sport By Lager 157', 'Peak Performance', 'Dockers', 'Karl Lagerfeld for H&M', 'Tiger of Sweden', 'Morris']","[0.1, 0.09, 0.09, 0.07, 0.06, 0.05, 0.05, 0.03, 0.03, 0.02, 0.02, 0.02, 0.02, 0.02, 0.02, 0.02, 0.02, 0.02, 0.01, 0.01]"
01jmCANold,DE,['Women'],[1.0],"['Zizzi', 'Eloquii', 'H&M', 'Next', 'Les Lunes', 'ONLY Carmakoma', 'Zara', 'Jette', 'ASOS', 'ONLY', 'Esmara by Heidi Klum', 'Zizzi/Black Label', 'Heidi Klum', 'Violeta By Mango', 'Flattered x Emilia de Poret', 'Cellbes woman']","[0.44, 0.14, 0.06, 0.05, 0.05, 0.05, 0.03, 0.03, 0.03, 0.02, 0.02, 0.02, 0.02, 0.02, 0.02, 0.02]"
01kGQpzODN,SE,"['Women', 'Kids', 'Unisex (Adults)']","[0.56, 0.41, 0.04]","['Indiska', 'Perfect Jeans Gina Tricot', 'H&M', 'No Brand', 'H&M Basic', 'Shein', 'Hangmatta Norhult', 'Sorel', 'Divided by H&M', 'Kelzuki x H&M', 'Warp', 'Everest', 'Holly & Whyte by Lindex', 'Love', 'Andy by Frank Dandy ', 'Atmosphere', 'Noa Noa', 'Bershka', 'H&M Kids', 'Name It kids']","[0.21, 0.09, 0.09, 0.06, 0.06, 0.05, 0.04, 0.04, 0.04, 0.04, 0.04, 0.04, 0.04, 0.04, 0.04, 0.03, 0.02, 0.01, 0.01, 0.01]"
01KkKVFMBg,SE,"['Women', 'No demography', 'Kids']","[0.98, 0.02, 0.0]","['Divided by H&M', 'Gina Tricot', 'H&M', 'Object', 'No Brand', 'H&M Modern Classic', 'Lindex', 'Design by KappAhl  ', 'VILA Clothes', 'Vero Moda', 'Bik Bok', 'Pieces', 'ESPRIT', 'Zara Woman', 'Soaked In Luxury', 'ASOS Denim', 'Mango', 'Maison Shoeshibar', 'Bubbleroom', 'Colloseum']","[0.14, 0.09, 0.08, 0.06, 0.05, 0.04, 0.03, 0.03, 0.03, 0.02, 0.02, 0.02, 0.02, 0.02, 0.02, 0.02, 0.02, 0.02, 0.02, 0.02]"
01lhwBQB8D,SE,"['Women', 'Kids', 'No demography', 'Men', 'Unisex (Adults)']","[0.69, 0.25, 0.04, 0.01, 0.0]","['Zara', 'Carin Wester', 'No Brand', 'H&M', 'Polarn O. Pyret', 'Soyaconcept', 'Bodyflirt', 'NLY Trend', 'NA-KD', 'Lindex', 'Divided by H&M', 'Adidas', 'Lindex Kids', 'L.O.G.G by H&M', 'Perfect Jeans Gina Tricot', 'Vero Moda', 'Levi Strauss & Co', 'Gina Tricot', 'Zara Woman', 'H&M Sport']","[0.04, 0.04, 0.04, 0.04, 0.03, 0.03, 0.03, 0.03, 0.02, 0.02, 0.02, 0.01, 0.01, 0.01, 0.01, 0.01, 0.01, 0.01, 0.01, 0.01]"
01mTOYFHtm,SE,"['Women', 'Men']","[0.95, 0.05]","['& Other Stories', 'Envii', 'Levi Strauss & Co', 'Zara', 'Patagonia', 'Björn Borg', 'COS', 'Uniqlo', 'United Colors of Benetton', 'Tom Tailor', 'Uterqüe']","[0.46, 0.29, 0.12, 0.03, 0.03, 0.01, 0.01, 0.01, 0.01, 0.01, 0.01]"
01mtq7VSJ7,SE,"['Kids', 'Men', 'Women']","[0.67, 0.19, 0.14]","['H&M', 'Zara', 'Lab Industries by Kappahl', 'Lager 157', 'Replay', 'Petrol Industries', 'Zara Man', 'KappAhl', 'No Brand', 'Design by KappAhl  ', '&Denim by H&M', 'Minus', 'Hampton Republic', 'Kids By Lindex', 'Voyelles', 'Boss', 'G-Star Raw', 'Lager 157 Roots', 'L.O.G.G by H&M', 'Chica London']","[0.23, 0.09, 0.06, 0.05, 0.05, 0.05, 0.04, 0.04, 0.04, 0.04, 0.04, 0.04, 0.04, 0.04, 0.04, 0.04, 0.01, 0.01, 0.01, 0.01]"
01Nzhlc9fu,SE,"['Women', 'Kids']","[0.91, 0.09]","['H&M', 'Boohoo', 'No Brand', 'Indiska', 'Chiara for First line', 'Zara Basic Collection', 'Saint And Mortals', 'Cappuccini', 'Peppercorn', 'Vero Moda', 'North Star', 'Gina Tricot', 'Cubus', 'Osley', 'Lindex', 'Shein', 'Zara Accessories', 'Mango', 'Race Marine', 'Pimkie']","[0.2, 0.11, 0.08, 0.04, 0.04, 0.04, 0.04, 0.04, 0.04, 0.04, 0.04, 0.04, 0.04, 0.04, 0.04, 0.04, 0.04, 0.01, 0.01, 0.01]"
01Oceyt3ZP,SE,"['Women', 'Kids', 'Men']","[0.85, 0.14, 0.0]","['Pieces', 'H&M', 'Carin Wester', 'Girl In Mind', 'Starlet', 'New Look', '2-biz', 'J.Lindeberg', 'Selected Femme', 'Jacqueline De Yong', 'Amisu', 'Clockhouse', 'Tiger of Sweden Jeans', 'Glamour Babe', 'Name It', 'Rare London', 'No Brand', 'Tiger of Sweden', 'Houdini', 'Samsøe & Samsøe']","[0.18, 0.13, 0.07, 0.07, 0.03, 0.03, 0.03, 0.03, 0.03, 0.03, 0.03, 0.03, 0.03, 0.03, 0.03, 0.03, 0.02, 0.01, 0.01, 0.01]"
01OTAq7Mvt,DE,['Women'],[1.0],"['Nike', 'Adidas', 'Geographical Norway', 'Chica London', 'NLY Eve', 'No Brand', 'Superdry', 'Bershka', 'Even & Odd', 'Naketano', 'Swing', 'Even & odd Active', 'Nelly', 'Make Way', 'Superdry sport', 'Cartri', 'Bubbleroom', 'Bench', 'ONLY', 'Club L']","[0.12, 0.09, 0.09, 0.06, 0.06, 0.06, 0.06, 0.03, 0.03, 0.03, 0.03, 0.03, 0.03, 0.03, 0.03, 0.03, 0.03, 0.03, 0.03, 0.03]"
01q8jOW3RA,SE,"['Women', 'Men']","[0.99, 0.01]","['Zara', 'H&M', 'Vero Moda', 'WERA Stockholm', 'Zara Trafaluc', 'Lindex', 'ESPRIT', 'Zara Woman', 'VILA Clothes', 'Smiley Vintage', 'Biscote', 'Noisy May', 'Monki', 'Perfect Jeans Gina Tricot', 'Stephan', 'NA-KD', 'Gerry Weber', 'ONLY', 'No Brand', 'Mango Suit']","[0.09, 0.07, 0.06, 0.06, 0.04, 0.04, 0.03, 0.03, 0.03, 0.03, 0.03, 0.03, 0.03, 0.03, 0.03, 0.02, 0.02, 0.02, 0.01, 0.01]"
01sejtnIeM,SE,"['Women', 'Kids']","[0.98, 0.02]","['H&M Mama', 'H&M', 'Zara', 'Mango', 'ASOS Denim', 'Primark', 'Divided by H&M', 'Gap', 'Uniqlo', 'H&M Modern Classic', '& Other Stories', '&Denim by H&M', 'Mama ', 'Moomin', 'Lindex', 'Carriwell', 'Isabella Oliver', 'Séraphine', 'FIX', 'Carin Wester']","[0.36, 0.17, 0.11, 0.05, 0.04, 0.04, 0.03, 0.03, 0.02, 0.02, 0.02, 0.01, 0.01, 0.01, 0.01, 0.01, 0.01, 0.01, 0.0, 0.0]"
01TDOxPSwp,SE,"['No demography', 'Kids', 'Unisex (Adults)', 'Women']","[0.41, 0.34, 0.17, 0.07]","['No Brand', 'DinSko', 'Bobbi Shoes', 'Shoes', 'Carlton', 'Sand Socks', 'Riiizzi', 'Ideen Welt', 'Winpard', 'Asics', 'Apple', 'Powerfix', 'Bosch', 'DYS', 'Faust', 'Kennedy Sko', 'Wedins', 'Smedbo', 'Race Marine']","[0.17, 0.14, 0.1, 0.07, 0.03, 0.03, 0.03, 0.03, 0.03, 0.03, 0.03, 0.03, 0.03, 0.03, 0.03, 0.03, 0.03, 0.03, 0.03]"
01u7ZiVmH8,DE,"['Men', 'Women', 'Unisex (Adults)', 'Kids']","[0.73, 0.23, 0.03, 0.01]","['Levi Strauss & Co', 'Weekday', 'Lager 157', 'G.I.G.A. DX', 'Herno', 'Jack & Jones', 'Race Marine', 'G-Star Raw', 'Michael Kors', 'ONLY', 'DC Shoes', 'Urban Classics', 'Henri Lloyd', 'Hollister', 'No Brand', 'East West', 'Thrasher', 'Divided by H&M', 'Uniqlo', 'Crocker']","[0.12, 0.07, 0.07, 0.04, 0.04, 0.04, 0.03, 0.03, 0.03, 0.03, 0.03, 0.03, 0.03, 0.03, 0.01, 0.01, 0.01, 0.01, 0.01, 0.01]"
01uCQ1Lz9E,DE,['Women'],[1.0],"['No Brand', 'ONLY', 'Bershka', 'qeena', 'La Mode Est à Vous', 'Freddy WR.UP', ""Bon'a Parte"", 'jimmy feldman', 'Cream', 'Even & Odd', 'Mark Adam', 'Dea', 'Edith & Ella', 'Tamaris', 'Graceland', 'Street One', 'Freddy', 'Tom Tailor', 'Adidas', 'Divided by H&M']","[0.09, 0.09, 0.06, 0.06, 0.06, 0.05, 0.04, 0.04, 0.04, 0.04, 0.04, 0.04, 0.04, 0.04, 0.03, 0.03, 0.02, 0.01, 0.01, 0.01]"
01wENA8Usq,DE,"['Women', 'Unisex (Adults)', 'Men']","[0.9, 0.09, 0.01]","['Filippa K', 'Soft sport Filippa K', 'Thomas Sabo', 'Arket', 'Le Specs', 'Stefanel', 'Mc Gordon', 'Coster Copenhagen', 'Papageno', 'Peak Performance', 'New Balance', 'DAY Birger et Mikkelsen', 'H&M Sport', 'Röhnisch', 'Jil Sander', 'Peter Kaiser', 'Samsøe & Samsøe', 'Lindex', 'Asics', 'No Brand']","[0.2, 0.1, 0.08, 0.07, 0.04, 0.04, 0.04, 0.04, 0.04, 0.04, 0.03, 0.03, 0.03, 0.03, 0.03, 0.02, 0.02, 0.01, 0.01, 0.01]"
01X6NqAFN8,SE,"['Men', 'Women', 'Unisex (Adults)']","[0.78, 0.12, 0.1]","['H&M Mama', 'No Brand', 'H&M', 'Review', 'J.Crew', 'COS', 'Fat Face', 'Muji', 'A.M.', 'ESPRIT', 'L.O.G.G by H&M', 'Calliope Man', 'Visual Clothing Project', 'Zara', 'Weekday', 'SUPER MOM', 'Tiger of Sweden', 'Hiltl', 'Uniqlo', 'Dockers']","[0.1, 0.09, 0.05, 0.03, 0.03, 0.03, 0.02, 0.02, 0.02, 0.02, 0.02, 0.02, 0.02, 0.02, 0.02, 0.02, 0.02, 0.01, 0.01, 0.01]"
01yAqpP8GS,SE,['Women'],[1.0],"['Weekday', 'Zara', 'NA-KD']","[0.81, 0.1, 0.09]"
01YIYWeIIn,SE,"['Women', 'Kids']","[0.88, 0.12]","['Nike', 'Zara Basic', 'Sixtyseven', 'Tiger of Sweden', 'Tuxer', 'Vox', 'Alley', 'DinSko', 'Scorett', 'H&M']","[0.25, 0.12, 0.12, 0.12, 0.12, 0.12, 0.12, 0.02, 0.02, 0.02]"
01YK6HjAqV,SE,"['Women', 'Kids', 'Unisex (Adults)']","[0.53, 0.44, 0.03]","['H&M', 'Weekday', 'Carin Wester', 'Lindex', 'Neomondo', 'On The Peak', 'Kamik', 'Lager 157', 'The Black Label Collection Lager 157', 'No Brand', 'Everest', 'Divided by H&M', 'By Clara Paris', 'H&M Sport', ""co'couture"", 'Timberland', 'Waterproof', 'Kaxs By Kappahl', 'South Beach ', 'Kuling']","[0.15, 0.15, 0.1, 0.09, 0.06, 0.03, 0.03, 0.03, 0.03, 0.03, 0.03, 0.03, 0.03, 0.03, 0.03, 0.03, 0.03, 0.03, 0.03, 0.01]"
01YyxGP6vx,SE,"['Kids', 'Men', 'Women', 'Unisex (Adults)', 'No demography']","[0.56, 0.34, 0.07, 0.03, 0.01]","['Hummel', 'H&M', 'Adidas', 'Levi Strauss & Co', 'Vans', 'Zara', 'Emilio', 'KappAhl', 'Jack & Jones', 'Abercrombie & Fitch Kids', 'Zara Kids', 'Crocker', 'Mojang', 'H&M Man', 'Republic', 'Peak Performance', 'Lager 157', 'Helly Hansen', 'Bonprix Collection', 'Elios']","[0.1, 0.08, 0.07, 0.05, 0.05, 0.03, 0.03, 0.03, 0.02, 0.02, 0.02, 0.02, 0.02, 0.02, 0.02, 0.02, 0.01, 0.01, 0.01, 0.01]"
01yzaGijlt,SE,"['Women', 'Men', 'Kids', 'Unisex (Adults)', 'No demography']","[0.7, 0.24, 0.03, 0.02, 0.0]","['No Brand', 'Levi Strauss & Co', 'H&M', 'Gina Tricot', 'Zara', 'Weekday', 'Indiska', 'ONLY', 'NA-KD', 'Lee', 'Tom Tailor', 'Bik Bok', 'Phaze', 'ESPRIT', 'Intimissimi', 'Hennes', 'Lindex', 'G-Star Raw Denim', 'Divided by H&M', 'Tezenis']","[0.12, 0.07, 0.04, 0.02, 0.02, 0.01, 0.01, 0.01, 0.01, 0.01, 0.01, 0.01, 0.01, 0.01, 0.01, 0.01, 0.01, 0.01, 0.01, 0.01]"
01z8JquScq,SE,"['Kids', 'No demography', 'Women', 'Men']","[0.61, 0.2, 0.18, 0.02]","['Disney Pixar', 'H&M', 'No Brand', 'Disney', 'Lindex Kids', 'Sofie Schnoor', 'Kids By Lindex', 'Cars', 'Vagabond', 'Gildan', 'Delta Pro Weight', 'Ben Sherman', 'Maileg', 'Ed Hardy', 'Str', 'Style', 'Madonna', 'Camel collection', 'Custo', 'Sportswear']","[0.44, 0.08, 0.08, 0.06, 0.06, 0.04, 0.03, 0.02, 0.01, 0.0, 0.0, 0.0, 0.0, 0.0, 0.0, 0.0, 0.0, 0.0, 0.0, 0.0]"
01ZGmUnTfW,SE,"['Women', 'Men', 'Unisex (Adults)', 'Kids']","[0.58, 0.38, 0.02, 0.01]","['No Brand', 'Lindex', 'H&M', 'GANT', 'Levi Strauss & Co', 'Arket', 'Tommy Hilfiger', 'Bauer', 'Salming', 'Uhip', 'LYLE & SCOTT VINTAGE', 'Adidas', 'Zara', 'Vagabond', 'Nike', 'Weekday', 'Gap', 'H&M Modern Classic', 'CCM', 'Ralph Lauren']","[0.14, 0.11, 0.1, 0.08, 0.05, 0.05, 0.03, 0.03, 0.02, 0.02, 0.02, 0.02, 0.02, 0.02, 0.02, 0.01, 0.01, 0.01, 0.01, 0.01]"
020V2A51Do,SE,"['Women', 'Men', 'Unisex (Adults)', 'No demography']","[0.86, 0.11, 0.02, 0.01]","['No Brand', 'NA-KD', 'ESPRIT', 'Herrlicher', 'Acne', 'J.Lindeberg', 'Filippa K', 'Tommy Hilfiger', '& Other Stories', 'Arket', 'L. K. Bennet London', 'Jacob Cohen', 'Sail Racing', 'Marc by Marc Jacobs', 'A.P.C', 'Levi Strauss & Co', 'Vero Moda', 'Hilfiger Denim', 'Boomerang', 'STOCKH LM']","[0.11, 0.05, 0.05, 0.05, 0.04, 0.03, 0.03, 0.03, 0.03, 0.03, 0.03, 0.02, 0.02, 0.02, 0.02, 0.02, 0.02, 0.02, 0.02, 0.02]"
021anu8r12,SE,"['Women', 'Kids']","[0.88, 0.12]","['Ecco', 'Gabor', 'H&M', 'Sisley', 'XLNT by KappAhl', 'Rainbow', 'Boohoo', 'STOCKH LM', 'Nike', 'Rain Wear By Lindex', 'Didriksons', 'Isolde', 'Rieker', 'Joseph Ribkoff', 'Vagabond', 'Bodyflirt', 'Gerry Weber', 'Veto', 'Magiano', 'S. Oliver']","[0.06, 0.06, 0.06, 0.04, 0.04, 0.04, 0.04, 0.03, 0.02, 0.02, 0.02, 0.02, 0.02, 0.02, 0.02, 0.02, 0.02, 0.02, 0.02, 0.02]"
021wV47ifb,SE,"['Women', 'Unisex (Adults)', 'Kids', 'No demography', 'Men']","[0.8, 0.07, 0.06, 0.05, 0.02]","['Levi Strauss & Co', 'No Brand', 'H&M Trend', 'Cheap Monday', 'Kavat', 'Carin Wester', 'Gabrielle by P', 'Vagabond', 'Zara', 'Weekday', 'Zara Woman', 'H&M Studio', 'Ralph Lauren Jeans Company', 'Norr', 'Deadwood', 'Chimi', 'ASOS', '& Other Stories', 'Johnny Bulls', 'Bershka']","[0.16, 0.05, 0.05, 0.04, 0.04, 0.04, 0.03, 0.03, 0.03, 0.03, 0.02, 0.02, 0.02, 0.02, 0.02, 0.02, 0.01, 0.01, 0.01, 0.01]"
023F4WnkL8,SE,"['Men', 'Women', 'Unisex (Adults)', 'No demography']","[0.95, 0.04, 0.01, 0.01]","['H&M', 'Zara', 'H&M Basic', 'Nike', 'Axel Arigato', 'Adidas', 'Bruno Banani', 'H&M Sport', 'Polo Ralph Lauren', 'Lee', 'Review', 'Jack & Jones', 'Sail Racing', 'Tommy Hilfiger', 'G-Star Raw', 'Unihoc', 'Peak Performance', 'Samsung', 'Hilfiger Denim', 'Primark']","[0.25, 0.21, 0.06, 0.05, 0.05, 0.05, 0.05, 0.05, 0.05, 0.04, 0.04, 0.04, 0.01, 0.01, 0.01, 0.01, 0.01, 0.01, 0.01, 0.01]"
024U2SeIWY,SE,"['No demography', 'Women', 'Kids', 'Unisex (Adults)', 'Men']","[0.5, 0.36, 0.07, 0.06, 0.0]","['No Brand', 'H&M', 'Bik Bok', 'Zara', 'Atmosphere', 'Divided by H&M', 'Woolmark', 'VILA Clothes', 'Tian Shun', 'IKEA', 'H&M Basic', 'Pandora', 'Tretorn', 'Hydro Flask', 'Filofax', 'Moomin Characters', 'H&M Conscious Collection', 'OBH Nordica, Björn Axén Tools', 'Ravensburger', 'H&M Home']","[0.28, 0.05, 0.04, 0.03, 0.02, 0.02, 0.02, 0.02, 0.02, 0.02, 0.02, 0.01, 0.01, 0.01, 0.01, 0.01, 0.01, 0.01, 0.01, 0.01]"
025g6fEkki,NL,['Women'],[1.0],"['H&M', 'No Brand', 'Desigual', 'Liva Loop ', 'Pier One', 'Bodyflirt', 'Heine', 'Alline', 'Graceland', 'Ulla Popken', 'Tamaris', 'Micha', 'Morgan', 'John Baner', 'Joseph Ribkoff', 'Lindex', 'Chi Chi London', 'Liu Jo', 'Assos', 'Sheego']","[0.18, 0.06, 0.04, 0.04, 0.03, 0.03, 0.03, 0.03, 0.03, 0.03, 0.03, 0.03, 0.03, 0.03, 0.02, 0.02, 0.01, 0.01, 0.01, 0.01]"
027icITZkB,SE,"['Women', 'Unisex (Adults)', 'Kids', 'No demography', 'Men']","[0.99, 0.0, 0.0, 0.0, 0.0]","['No Brand', 'Zara', 'H&M', 'Vero Moda', 'Gina Tricot', 'Divided by H&M', 'NA-KD', 'Zara Knit', 'STOCKH LM', 'Zara Woman', ""Victoria's Secret"", 'Zara Trafaluc', 'Missguided', 'Zara Basic', 'Weekday', '& Other Stories', 'Abercrombie & Fitch', 'Odd Molly', 'Shein', 'Lindex']","[0.25, 0.06, 0.06, 0.03, 0.03, 0.02, 0.02, 0.02, 0.02, 0.02, 0.01, 0.01, 0.01, 0.01, 0.01, 0.01, 0.01, 0.01, 0.01, 0.01]"
02AkaUhITO,SE,['Men'],[1.0],['Sail Racing'],[1.0]
02bgcbJkaX,DE,"['Women', 'Kids']","[0.94, 0.06]","['Brandy Melville', 'COS', 'The North Face', 'Mexx', 'Weekday', 'L.O.G.G by H&M', 'Arket', 'Zara Woman', 'Hennes', 'VILA Clothes', 'EDC by ESPRIT', 'Street One', 'H&M', 'Only Jeans Wear', 'Maison Scotch', 'Here + There', 'Boss Hugo Boss', 'G-Star Raw', 'Gina Tricot', 'Ganni']","[0.27, 0.09, 0.06, 0.04, 0.04, 0.03, 0.03, 0.03, 0.03, 0.03, 0.03, 0.03, 0.03, 0.03, 0.03, 0.03, 0.03, 0.03, 0.01, 0.01]"
02BHodZVKi,SE,"['Women', 'Unisex (Adults)', 'Men', 'Kids']","[0.91, 0.06, 0.03, 0.0]","['No Brand', 'NA-KD', 'Shein', 'NLY One', 'Bik Bok', 'H&M', 'Trendyol', 'Ichi', 'Oh Polly', 'Workout Empire', 'FB Sister', 'Denim Stories', 'Madlady', 'SBetro', 'Åhléns', 'Morgan', 'Gina Tricot', 'LXA', 'Dasia', 'Kaffe']","[0.27, 0.07, 0.06, 0.05, 0.04, 0.04, 0.03, 0.03, 0.03, 0.03, 0.03, 0.03, 0.03, 0.03, 0.03, 0.03, 0.03, 0.01, 0.01, 0.0]"
02c2pzx1A8,SE,"['Women', 'Kids']","[0.65, 0.35]","['H&M', 'Timberland', 'COS', 'Lindex', 'H&M Basic', '& Other Stories', 'Vinson', 'Mini Gina Tricot', 'Denim By Lindex', 'Diana Orving', 'Lindex Kids', 'Arket', 'Kavat', 'Lego Wear', 'Polarn O. Pyret', 'KappAhl', 'Weekday', 'Gangstar', 'Zara', 'Lupilu']","[0.26, 0.13, 0.08, 0.08, 0.05, 0.04, 0.03, 0.03, 0.03, 0.03, 0.03, 0.02, 0.02, 0.02, 0.02, 0.01, 0.01, 0.01, 0.01, 0.01]"
02dHfPLkuN,SE,['Women'],[1.0],"['No Brand', 'H&M', ""Smiffy's"", 'Vox Shoes', 'Zara Trafaluc', 'Bik Bok', 'Mango Suit', 'WERA Stockholm', 'Adrianna Papell', 'Indiska', 'Primark', 'Tiamo', 'New Look', 'River Island', 'Tex', 'Minimum', 'Ayse Melek Tasarim', 'NLY Eve', 'nikka', 'Lepo']","[0.38, 0.1, 0.05, 0.05, 0.05, 0.05, 0.04, 0.04, 0.02, 0.02, 0.01, 0.01, 0.01, 0.01, 0.01, 0.01, 0.01, 0.01, 0.01, 0.01]"
02dSnWTUGU,SE,"['Women', 'No demography', 'Unisex (Adults)', 'Men', 'Kids']","[0.7, 0.16, 0.13, 0.01, 0.01]","['No Brand', 'Marimekko', 'Pashmina', 'H&M', 'Odd Molly', 'Vinga', 'Desigual', 'Passigatti', 'Interio', 'Happysweeds', 'H&M Home', 'Manguun', 'IKEA', 'Nike', 'Gudrun Sjödén', 'Hemtex', 'Marimekko By H&M', 'Soyaconcept', 'Topshop', 'Åhléns']","[0.26, 0.06, 0.05, 0.04, 0.04, 0.04, 0.04, 0.03, 0.03, 0.02, 0.01, 0.01, 0.01, 0.01, 0.01, 0.01, 0.01, 0.01, 0.01, 0.01]"
02Dy1IiAeG,SE,['Women'],[1.0],"['H&M', 'Zara', 'Divided by H&M', 'Stradivarius', 'Gina Tricot', 'NA-KD', 'No Brand', 'Pull & Bear', 'Monki', 'Mango', 'Weekday', 'NLY Trend', 'H&M Trend', 'Bik Bok', 'Missguided', 'ASOS', 'Amisu', 'Chiquelle', 'Benetton', 'ASOS Design']","[0.13, 0.1, 0.06, 0.04, 0.04, 0.04, 0.03, 0.03, 0.03, 0.03, 0.03, 0.03, 0.02, 0.02, 0.02, 0.02, 0.02, 0.02, 0.01, 0.01]"
02GGag0IFi,SE,"['Women', 'Kids']","[0.71, 0.29]","['H&M', 'VILA Clothes', 'Polarn O. Pyret', 'Shein', 'Perfect Jeans Gina Tricot', 'H&M Mama', 'Twist & Tango', 'Baby By Kappahl', 'Cellbes', 'No Brand', 'New Look', 'Amisu', 'Change', 'Divided by H&M', 'Lindex', 'Gina Tricot', 'KappAhl', 'Amelie & me', 'Vero Moda', 'Minimarket']","[0.17, 0.09, 0.06, 0.06, 0.05, 0.05, 0.05, 0.04, 0.04, 0.04, 0.04, 0.04, 0.04, 0.02, 0.02, 0.01, 0.01, 0.01, 0.01, 0.01]"
02gjtNrh9u,SE,"['Kids', 'Men', 'Unisex (Adults)', 'Women', 'No demography']","[0.44, 0.36, 0.1, 0.08, 0.02]","['Newbie By Kappahl', 'H&M', 'No Brand', 'Monki', 'Nike', 'Adidas', 'Calvin Klein Jeans', 'Cubus', 'Urban Classics', 'Bellfield', 'Junkyard', 'Calvin Klein', 'Polarn O. Pyret', ""Aim'n"", 'Lager 157', 'Lindex', 'Adrian Hammond', 'Name It', 'Super Mario', 'Mexx']","[0.19, 0.11, 0.08, 0.05, 0.05, 0.05, 0.05, 0.04, 0.04, 0.04, 0.04, 0.04, 0.02, 0.02, 0.02, 0.01, 0.01, 0.01, 0.01, 0.01]"
02gpGhXMsh,SE,"['Women', 'Kids']","[0.6, 0.4]","['COS', 'Lindex', 'H&M', 'FIX', 'Lindex Kids', 'MyWear Active', 'Polarn O. Pyret', 'Outwear by Lindex', 'Stylein', 'InWear', 'BiancaDi', 'FIX/', ""Aim'n"", 'By Malene Birger', 'Kavat', 'Kaxs By Kappahl', 'H&M Modern Classic', 'Vagabond', 'Rodebjer', 'MyWear']","[0.19, 0.12, 0.1, 0.07, 0.04, 0.04, 0.04, 0.04, 0.03, 0.03, 0.03, 0.03, 0.03, 0.03, 0.03, 0.03, 0.03, 0.03, 0.02, 0.01]"
02gRmHJxLQ,SE,"['Women', 'Men', 'No demography']","[0.87, 0.07, 0.07]","['Dedicated', 'Sqrtn Company', 'Scotch & Soda', 'Vero Moda', 'Klippan', 'Diesel-Co.', 'Perfect Jeans Gina Tricot', 'Replay', 'Varg', 'STOCKH LM', 'Gina Tricot']","[0.2, 0.13, 0.13, 0.07, 0.07, 0.07, 0.07, 0.07, 0.07, 0.07, 0.07]"
02HcXrc6Rn,NL,"['Women', 'Men', 'Unisex (Adults)', 'No demography']","[0.95, 0.02, 0.02, 0.01]","['H&M Sport', 'H&M', 'Workout Empire', 'Divided by H&M', 'Stradivarius', 'Nike', 'Bagheera', 'Gina Tricot', 'NA-KD', 'Zara', 'ONLY', 'Anna Field', 'Mutka', 'Klaudia', '& Other Stories', 'Fila', 'Zara Basic', 'Mango Touch', 'Polaroid', 'Nordströms i Lund']","[0.18, 0.13, 0.07, 0.06, 0.04, 0.04, 0.03, 0.03, 0.02, 0.02, 0.02, 0.01, 0.01, 0.01, 0.01, 0.01, 0.01, 0.01, 0.01, 0.01]"
02hko5ZHqe,DE,"['Women', 'Kids']","[0.85, 0.15]","['H&M', 'Lavand', 'H&M Trend', 'Jacqueline De Yong', 'Vero Moda', 'Fragile', 'Clockhouse Elements Collection', 'Boohoo', 'Oasis', 'Boohoo Night', 'Mango Suit', 'Cotonel', 'Lindex Kids', 'Zara Woman', 'H&M Party', 'No Brand', 'Divided by H&M', 'Zara Trafaluc', 'NLY Trend', 'DROPS LOVE YOU']","[0.1, 0.07, 0.06, 0.06, 0.06, 0.06, 0.06, 0.05, 0.05, 0.05, 0.05, 0.05, 0.04, 0.02, 0.02, 0.02, 0.02, 0.01, 0.01, 0.01]"
02Jcs0IQUy,SE,"['Women', 'Men']","[0.99, 0.01]","['H&M', 'Divided by H&M', 'NLY One', 'AX Paris', 'Bik Bok', 'Indiska', 'Intimissimi', 'Zara Trafaluc', 'Design by KappAhl  ', 'Graceland', 'Glassons', 'Footflexx', 'VILA Clothes', 'Boohoo', 'H&M Party', 'Bubbleroom', 'Vero Moda', 'NA-KD', 'Lindex', 'New Look']","[0.1, 0.06, 0.06, 0.04, 0.04, 0.04, 0.04, 0.04, 0.04, 0.04, 0.04, 0.04, 0.03, 0.02, 0.02, 0.02, 0.02, 0.02, 0.01, 0.01]"
